row_id,poverty_rate
1,17.719928679610554
3,19.916784114887637
6,14.763928420337034
7,30.976384432843087
14,14.405640307755604
16,15.840770465052987
18,27.171324660105856
19,12.76286089276672
20,15.580046802243261
24,12.066402208702119
26,11.22712589381652
28,16.709258862329204
30,12.542892874789933
31,18.881564902700436
32,21.162058094973972
33,10.361399165152529
34,13.104443226749172
38,11.824186782386633
40,15.05500511476206
41,23.32015823891768
48,17.10463811764473
50,20.491495578323168
53,11.209694050476475
54,14.241713826104123
57,11.827907209207885
59,23.30791973969716
60,12.706059734203805
62,18.526505682151544
63,12.685805997751254
65,11.584104116511888
67,34.62034885432025
70,19.229264616441508
75,14.149773437199283
77,15.576483573714539
80,22.14774061721328
81,22.081013476016917
83,17.23907099448528
84,20.783933475271507
85,9.550416071083886
88,22.819171248712195
94,20.653399004811774
95,30.24818174487068
96,22.884496657379277
98,13.395535377021766
102,19.603404748876343
103,14.766796190452137
104,10.487790282345898
108,15.692135629672512
109,13.700480918954455
110,28.924952248729948
113,21.29305418830012
116,21.185941821478842
119,17.882333017256112
120,13.480816868922053
122,8.647038753522962
123,13.9471686632713
125,16.28763087662391
126,11.532944413723685
128,17.84382419798893
130,12.58402570489399
133,13.650390553632324
134,11.354177602093554
135,21.73227049846397
136,29.167819740841505
140,21.00685143174501
141,14.02642133375042
142,18.595656292907417
143,11.985959418598668
151,12.235226238094077
153,22.030738081549806
154,26.302017637779407
158,19.16664164323422
165,15.627839393757245
168,22.39353873831251
170,27.645555222715966
175,10.669865403260038
178,16.51902061078941
179,15.410123937775706
181,19.711206068627387
183,8.654469982506736
184,17.17901384331548
185,10.662171609256697
190,14.743829012569856
192,13.454149107252814
193,25.44187281216767
194,11.690737823146035
195,14.834593513548317
196,17.45276829213964
197,18.10654077694351
199,19.705717502548175
203,18.868507991192992
204,13.762868604098237
209,11.019645866081879
213,17.42212037145337
214,16.320035310974372
217,21.964476056383845
220,13.477916353471155
221,17.666685167988398
222,16.85430499604448
223,14.424787847802833
227,20.867673314222614
228,24.888505367572165
230,10.142936227732774
234,9.84374496051797
239,11.842612206482302
242,12.580319079599104
246,19.563547188603902
248,12.63444096412233
249,14.703717669343549
253,15.259788001651552
255,16.860937481309993
257,12.56335096974124
259,14.2051861488344
262,20.891059860253453
264,21.511864358673716
265,14.429064878835614
266,18.73042893996743
267,16.630038205805388
268,13.5044861398578
273,14.76342533316301
274,12.69444376245683
275,27.92617257167863
276,19.84388352128126
285,13.65255140181999
289,14.483841139048634
290,17.55475660606195
292,11.289990938145085
297,10.370635935345351
300,10.382580791535498
302,16.820856982300143
304,20.414918507854257
306,21.668841024804486
307,23.43396240783025
309,10.163238079658496
312,18.686096659831964
313,10.47845660787973
316,12.238948934393663
317,18.87186813672693
318,20.166172864013046
319,7.583660634966511
320,14.157355988515597
323,24.09909108297075
326,16.11005536348603
332,19.09779992729219
336,21.217002155572107
339,11.875118086974334
340,24.347602787394038
342,14.765610664388962
343,17.587034822815244
346,13.158093979576128
349,30.30815528950012
350,32.14153513807563
355,20.186649183084658
357,13.756479363649524
358,16.98338316965533
359,12.05960471128991
361,20.894982883820045
365,16.515336802388344
367,10.983439343618844
368,9.251962336664999
370,27.140062391605564
371,13.63488845960151
375,14.33664718581212
376,21.04972838621926
378,19.716472691823792
380,22.74985096072795
383,24.889275421940937
384,12.292394356792695
386,12.155774508803203
387,14.05367549601275
389,10.655776839937825
393,16.131750871197536
394,14.854441108596566
399,16.829538373725285
403,18.199141142094614
407,22.89826648441859
408,9.34520753860632
409,8.22043794110212
413,16.858842700249372
414,14.387859940765527
416,32.143072036051244
417,28.27083432458124
418,24.248119299689957
422,19.312051615810116
423,13.533914645787943
424,12.072668026146205
426,13.39437537978996
427,14.303083169968685
428,10.27772457661021
430,18.373630934391066
431,9.697934122572889
433,15.735197380472815
434,23.792634546812764
436,13.793220878665629
437,17.289792905733265
439,12.539460102684686
441,30.5280436693156
442,26.97630875575103
444,23.68393568568941
448,19.982188539940758
449,23.2036481958418
451,12.92160444007401
452,17.46334375660877
455,17.559654240132524
456,17.99382254514226
457,10.841852150505543
458,9.8691801090425
460,14.845303255703763
464,13.919706641571487
465,10.767486580283459
469,13.162600836143719
470,21.96576566756008
471,25.303989461100628
472,28.115918461005368
475,11.407727238973067
476,21.21007780627695
480,10.11405971716948
481,9.352938256464382
482,16.537844587021763
485,11.53120776653872
490,15.602920537666527
492,24.84639019616518
495,21.91965311601009
496,9.91816970143933
497,17.718933070290383
500,12.369939419125282
501,20.341532862290883
503,17.363591562246164
504,12.130538963274164
506,29.004354552940626
507,16.488412268555326
508,11.94730428132798
510,11.83066033478902
512,13.175825584100167
513,17.77006935849658
514,22.4327345962985
515,13.557580500028863
519,29.97240866154793
522,14.524428118688855
523,14.35438446450655
524,11.709423434722979
527,13.47198668134578
528,15.937401376657931
529,16.249658350781996
530,13.288162190193102
532,12.581531785873407
534,13.802599902577192
537,17.551826910911576
541,8.949314561602975
542,24.375990289837645
543,12.448247774507763
544,11.749857990843331
545,10.698006884399256
547,16.968263401899854
549,11.254937803112139
550,10.93184958193132
551,25.90745471760804
552,18.056426261576192
555,25.26291500643224
556,18.888890445168478
558,22.797861986630696
560,17.357072927018848
561,31.755829502802136
562,31.212661987732105
564,12.070224910854428
566,17.955207721059605
567,15.558382696584262
571,14.899977548982918
574,27.483364547497565
575,16.659860084023176
577,12.31176183705904
578,21.62844903789127
581,17.426006313012667
582,17.45051364333115
583,16.581077881552456
585,16.27227890472238
586,11.867544386454982
588,24.97549084022912
589,22.22353089556532
590,20.14041109808775
591,8.421948980393964
600,13.061608728494413
603,14.744234374056647
605,17.460315435128543
606,14.75506935111804
609,15.405762764947353
610,11.95319810227911
611,14.01470346122668
613,15.260265372347703
614,15.848113641838335
615,27.32416282641741
616,18.124624560284733
617,14.000212252074851
619,14.805160837709183
620,18.105137702685738
622,12.862155404121179
623,14.618872939502113
624,17.67412485510879
625,18.56915837604937
626,20.83418556315125
627,11.551677466457283
628,12.573323132719205
630,15.008020688964054
632,18.223022294669335
633,9.541602690788906
636,13.009901280438507
638,23.14428054744342
641,8.809153189224578
645,9.011334640122042
648,9.801683086539335
649,15.889671267921878
650,16.900967983510366
651,10.49003484540898
653,16.589113234812206
654,9.120805665253073
655,14.756405884320698
658,9.092912570689608
659,8.994076345088013
660,12.775341646513919
664,9.308653624773667
665,22.709685018470413
666,15.88687513365816
668,11.78873157846136
670,12.865432163553322
671,11.008601859762665
672,12.239175589540853
673,14.959486035807831
674,27.91253902949352
675,24.647272672154017
678,11.06594726548152
679,16.443091379267806
680,12.984750657571647
684,48.0210413084773
685,23.497730365585248
687,11.305288016499217
689,24.20605252913339
690,14.065611063953929
691,31.173544816976694
692,13.011501515132087
693,12.229578032628314
697,13.431165011234786
699,11.337940620364106
700,12.399670561116956
702,13.763714256710378
704,27.570102171569182
705,16.97987875063028
706,12.165558673818499
711,13.259926006881509
717,16.9000416499143
718,20.57808281146792
722,13.206696490845793
724,23.4700173433498
725,10.905088604919063
728,13.84515818736015
729,12.108316447553305
730,12.68721978733506
732,12.697011950682013
733,17.96117993476116
734,13.525891322933308
736,19.855212262141464
738,19.51267840100081
739,11.678471675025039
743,23.183429438047426
744,17.687754088120386
746,17.556787582014305
747,21.787522522174573
748,27.350629830786556
749,14.410620406077339
751,15.233867527185986
752,15.449720844154575
753,13.330674825295715
754,28.463457830383685
756,12.000532221387529
763,17.54220667977613
764,11.540932122632842
765,10.135702152990381
766,10.857674698571646
768,13.189919628414914
769,13.62141335764005
771,16.51356687753466
775,21.000073455406543
776,17.83290407970612
777,18.563329736347217
778,34.217452439813215
779,22.86053341589443
780,17.089705527345547
783,15.808209461870934
786,11.584853355423887
789,11.830868891490068
794,16.21519182110346
796,17.15572601838258
797,10.44557417137859
798,14.2768358125322
799,18.664180964631228
800,12.708968072784772
805,11.011330324815077
808,11.3017183374789
809,15.42154927819453
812,27.247415456920667
815,19.66652914713964
818,14.48351717124437
819,14.367334323042325
820,10.10288199943454
821,8.27898216285391
823,24.527012160153348
824,14.339682080174347
828,12.20761277372125
829,20.183830251966207
830,20.841484373367333
831,12.240020817605785
832,17.27109503649667
834,15.209417855427324
835,15.911196878137643
839,10.18069858136938
840,15.368179631244635
842,20.846415165805652
843,11.473914335818591
844,10.816959575668475
845,17.860152707933054
846,11.16208454135472
848,19.64869291819826
850,18.819070379953004
851,14.799129892917401
853,22.651835539366434
854,19.749577055005563
859,17.311995602131542
863,19.72669902441246
864,19.96077373872498
867,13.64908904932463
869,13.17858033826055
872,10.390797688850867
873,17.969403579901716
875,11.109993422994757
876,13.810880109832649
878,20.933722428154283
879,16.69607737393126
881,13.286789751947614
885,14.185687450384453
887,14.642504512575242
888,26.249891198145964
890,16.77847437688411
891,18.940360041253026
893,14.678508303958814
896,16.68086342668649
897,10.933408811938111
898,12.962361132433726
900,13.068018199321955
905,20.899026934800524
914,24.338801107708992
916,12.641528522840193
921,16.739739160536555
924,16.38405996579624
928,11.915500385236449
930,14.704809252276675
931,19.718445435864616
932,17.66387933418208
934,19.225644702199528
936,19.69802997797049
937,16.224071571738744
939,15.246232777379634
941,17.592435742775212
943,16.3182694981571
948,6.819257202298088
949,23.523365604690255
953,15.914700190170462
954,26.388032353072308
956,11.558725851650747
957,11.69409754709512
961,17.632526213826537
966,16.897472322351934
967,20.36915366595284
970,26.311017608362324
972,24.37377490103105
973,28.432014041742942
976,17.59647441368268
977,12.307225032627604
978,9.756802526804627
979,11.79989230785447
980,17.496197416403206
981,21.03829879912488
982,11.230072270313281
983,20.489467879029835
986,17.681111095639725
988,22.150829376892585
989,11.673325753757377
992,17.564987804343154
993,12.877145024453254
994,19.35689631908792
999,13.488370919274422
1000,11.922313920644738
1003,15.7620340546804
1005,9.636369889500648
1007,17.36432201527074
1008,18.658168826164044
1011,16.23887411120915
1013,17.870322010056746
1020,21.15542720145035
1025,10.25226535638505
1026,11.214905130084903
1028,11.363549740973335
1031,11.446554462863961
1032,16.492231598501434
1036,19.97100993405669
1037,16.184060061079165
1042,13.038121965711385
1043,22.285907744036262
1044,11.581605103135093
1045,27.846742592424945
1047,12.67105332968074
1048,19.963943012315035
1052,19.711391157653555
1053,21.94294096460181
1054,25.333969181011202
1055,10.910411997775448
1056,10.6598473782636
1057,25.43512401741132
1058,12.909397590617637
1059,10.709727178039374
1060,11.596982138691155
1064,20.993659669555612
1065,25.306135063783035
1067,8.64059466948961
1068,16.778196045517326
1070,10.864939836506688
1071,19.212626956540717
1072,47.469564689328216
1073,27.717346776381255
1075,18.046268431606325
1076,13.923424836822926
1078,16.070834875565165
1079,17.10704039378984
1085,15.986744181085903
1088,10.803561430131923
1089,13.385703250980303
1090,19.008408907179295
1092,14.001512058442765
1093,12.090092897374959
1094,11.934309946925232
1095,28.92800272289407
1098,26.459013644801125
1100,12.058029764072836
1101,11.650804247766509
1102,22.55707120944939
1106,15.21969676584794
1107,10.119435440624574
1110,20.283918052906365
1114,22.63513722460796
1118,24.557612780402724
1121,9.649178344503662
1123,13.30390456106909
1124,12.97838449097288
1125,17.766598448678565
1129,18.785518714581045
1132,27.162712766614334
1134,20.158740492848544
1135,11.897732197675108
1136,14.273067374505594
1137,16.03053605387004
1138,19.87315773178899
1139,20.879221956448397
1140,15.938170179758005
1143,23.834648941862373
1144,17.9901232512525
1146,10.830902627745466
1147,25.285398106104505
1148,18.692208809890396
1152,14.765138612259
1153,22.075969568100895
1159,16.681650046543115
1164,16.828570663615793
1165,10.515783471527326
1166,22.17967076051428
1168,16.087091569122716
1170,19.739352700010148
1171,11.610973132544595
1172,15.429926358233086
1177,11.692301075997635
1178,11.849750542238475
1179,17.52129694339453
1183,19.15582940864761
1193,15.953580547355646
1194,11.057510475970657
1195,17.244895353878537
1196,11.828735672496729
1199,19.185590397672602
1205,13.02081320584526
1207,11.445383036587053
1208,24.930772844877463
1210,10.832021981076903
1214,20.600792560139706
1217,15.315822577957544
1218,12.419806017774274
1220,11.847855490210637
1221,10.925249080287573
1222,15.349058088009153
1224,14.427023180111377
1227,17.892264462300332
1229,14.872960707537747
1230,30.191587133817084
1232,14.101661985412962
1235,22.04920960108464
1236,12.165752826650353
1237,14.3688602909856
1240,18.47470513578445
1241,21.02244805726647
1244,15.173719211965059
1246,15.236267368673136
1252,14.028186878140028
1257,11.102078887456624
1258,11.258038894947747
1260,12.844879087894265
1264,13.362046132320847
1265,23.632659521470043
1267,13.306560112393491
1269,15.863185323279684
1270,20.525568192298845
1272,22.13301350196252
1273,12.613734215157194
1274,14.078658740852173
1275,12.148938540796339
1276,16.26129329381286
1279,8.881091614097722
1280,8.864414814967258
1281,18.017737717713608
1286,12.860810848504874
1287,10.956212090900404
1289,17.90375315164527
1290,24.477380011180344
1291,21.78536270167916
1292,18.174266894454103
1293,18.166247102956067
1295,25.036348733176965
1296,30.690755570373387
1297,22.833092510115982
1300,24.839483783055076
1301,11.781191311279315
1302,17.982868395525607
1305,12.832704344922039
1306,12.085035868273032
1310,20.73453809768371
1313,8.466197878507007
1315,18.70128242085851
1316,19.029850699972986
1317,17.19800429900873
1318,9.057631821316832
1321,15.090318181354816
1324,20.050276224326158
1326,19.208238841497234
1327,22.000816147429763
1330,24.266953378179853
1332,18.695875369088398
1337,21.05342490882503
1339,16.527024579929183
1341,24.191488842546423
1342,12.66649273736398
1347,21.6743107762657
1348,10.704491566019419
1350,16.01693092052485
1351,22.927056803109902
1352,21.010454654598174
1354,15.728628182793083
1355,16.05955579408682
1356,14.812393529642355
1359,13.615379013596113
1361,14.893498282793407
1364,16.27882218117893
1365,10.65149127454495
1366,16.315074716031827
1367,21.49898931767273
1368,15.11909432812926
1372,20.194364642955158
1376,18.19695800552239
1377,17.17727857890297
1378,18.955424439711695
1380,11.129170614888244
1381,11.879839506654159
1383,17.08084272683364
1387,13.126631698084076
1388,15.780027204905908
1389,22.690852264047457
1393,8.098991198946909
1395,20.908537067562317
1396,14.021720333889274
1398,11.713968583112297
1400,25.659166406146777
1401,14.391131376714922
1402,10.385073621598586
1403,12.17536956481415
1405,17.994880734278908
1407,10.699203116352916
1409,15.454394943883539
1411,21.75008292424534
1414,21.603254067322368
1415,10.354479324368082
1416,23.149670968727722
1417,13.738179215028241
1423,20.208835051238246
1425,12.400004368656266
1426,17.52505435262614
1428,19.9875435129128
1429,15.031256195812794
1432,12.934564292526833
1433,15.425186435240947
1434,22.454508452597757
1435,9.673656377904962
1436,11.794512238613024
1437,20.469421718235868
1438,14.116965888771507
1439,23.193063947601477
1440,8.878354886321631
1441,16.041639192922926
1446,22.330518161248165
1448,12.76486240076335
1450,15.147719257463397
1452,13.42915950666767
1453,16.10917130070405
1454,16.13497733071087
1455,13.888956240177754
1458,21.829879677771714
1459,13.611683743101706
1461,11.624651427252235
1464,20.48929744471845
1466,24.57498123898138
1471,21.636896967757522
1472,11.011133710948473
1474,25.17876319958069
1476,23.797463862253586
1477,14.883790622988142
1478,23.276065316604925
1479,14.090121650213021
1482,22.229377990650946
1483,22.633534730235368
1489,23.578898716077493
1490,20.758634259322108
1491,14.102696276656856
1495,10.989260972433804
1496,16.625915130187657
1498,17.00742493365671
1501,20.492875795831825
1504,15.852092525025597
1506,16.894982560865753
1511,12.947984571227451
1513,19.613774093741753
1515,16.918335104202523
1519,13.787236099781225
1522,20.361696979438225
1523,15.099988335782022
1525,14.06453829924417
1526,11.958930273136168
1531,17.34867764623432
1533,24.917424705189305
1535,30.56557664812352
1537,11.813547107935207
1546,27.824789467520183
1548,21.4122406138607
1551,24.78630338872167
1552,18.620404300555627
1554,23.56092064896319
1555,16.102148985836344
1557,15.166014089539793
1558,18.728168626159672
1559,20.28715247299997
1562,14.872179480084856
1563,10.547267863106352
1568,19.38785024419337
1570,19.81309024644548
1571,8.803498551970964
1573,31.41802407966106
1574,16.940250481827235
1575,19.693523803625844
1578,12.816928180911685
1580,26.653083408945005
1584,22.55771902544313
1586,9.86299406185265
1590,13.204032003120943
1591,10.120711431846596
1595,11.380899679728431
1596,12.726742590723898
1597,18.097908196104598
1598,26.664951273433896
1601,34.90672051732968
1603,16.228243881582937
1605,11.943394548632096
1608,12.009974434027985
1609,5.277993749095377
1611,17.656448312290486
1613,8.09441495399976
1615,18.498345572337392
1617,11.302464143448411
1618,27.688614293241294
1619,14.459797551259422
1620,18.006662017045173
1623,10.81749208287274
1624,13.098976039750832
1625,16.045622165683497
1626,21.728698430235756
1627,15.920547077687973
1628,18.792322850983542
1630,23.123599107301263
1632,27.930432272480793
1633,12.396872917161293
1634,20.395970643546434
1635,13.961995573250444
1639,13.630676549468587
1641,10.413979384933905
1644,15.86429000848453
1645,15.953710960028408
1646,10.080008587340522
1648,16.450830114784843
1649,16.615933264859613
1650,14.59485899625865
1652,10.93231109675146
1654,22.949510634075303
1655,10.731862800307317
1658,15.06584714430755
1660,19.92588834836353
1663,12.300441745013316
1669,19.743611157587914
1670,11.649422729616902
1671,16.968358467370816
1672,23.982096692141074
1673,15.468673441845688
1680,27.801813544117916
1682,15.408312177561273
1683,14.577980579280656
1684,10.479497237575426
1685,16.393423644263763
1686,32.3498743786173
1687,14.873797771340472
1689,26.40546104405776
1690,21.04424203210947
1691,17.6958487153241
1692,15.90832631122073
1693,18.793990340052215
1698,9.380487388289543
1700,16.388628516314817
1702,16.312163953301006
1704,26.585345905546323
1708,19.28631783466142
1709,23.389925012979283
1711,9.598305901108393
1713,17.08425086990712
1715,12.047270936039125
1716,17.844358568876594
1718,19.9703599546228
1721,15.2386127337024
1722,11.159425101069811
1726,8.188037877863653
1727,22.098694228102715
1734,11.871221982574491
1735,10.21672646902009
1739,16.636309433595788
1740,18.948405567581336
1741,20.710468882463015
1742,8.770290564715951
1743,9.828516841160805
1745,25.500173099761515
1748,23.58938769269022
1750,10.253481679102261
1751,12.912964570371438
1753,8.379655090319776
1754,15.586366586439214
1755,11.092034076675017
1756,14.438543475590032
1757,11.52119477635317
1758,9.047552355393886
1759,21.559449753305532
1764,18.56760468584863
1765,15.530494869105317
1769,18.341633226558102
1772,20.48104837154812
1773,12.734334669545618
1775,14.39652241221682
1776,14.607892591506472
1777,25.862875013141494
1780,13.979866913008388
1783,26.779914852509478
1784,15.54700425125355
1787,17.770722196045924
1790,26.69611329209033
1794,19.69011975695532
1795,11.481621509383952
1796,15.425286140591908
1797,20.12483665859902
1798,18.265766973563704
1799,11.876967685071781
1805,23.776061094263014
1806,23.266663793974768
1808,15.630946156921201
1810,18.648884904705227
1813,30.196176839940687
1814,20.261920780326026
1815,25.182868111637283
1824,11.090259018234129
1825,21.650747294737222
1828,10.95952265705257
1830,18.733485091014884
1831,9.407460311150153
1832,27.186381641581928
1834,13.647851891337075
1837,13.871978314053857
1840,16.768131420385803
1844,16.239995794244397
1845,24.71910098170613
1846,12.396906412491862
1848,15.364499731370659
1849,15.755371437817194
1851,17.055773490992106
1855,11.312498474153363
1856,14.027158539105507
1859,11.228756432158496
1860,24.427451052408948
1863,21.753490751719138
1865,14.430838267672721
1871,12.196866865040006
1879,15.470928024284134
1880,14.141718045144785
1886,20.200341940388952
1888,19.362331381180063
1891,14.89995059240482
1892,13.52228174035705
1893,16.649766980190652
1894,17.431498840621913
1896,17.212837860369024
1902,22.566055434426282
1904,19.648227288755173
1906,13.26599152976989
1910,10.13850214440284
1914,13.641260111337097
1915,15.919619525123682
1917,19.374853802851796
1918,18.72990477281321
1919,18.123828007163343
1922,15.183391562363385
1923,9.358274586766619
1924,29.08691088380358
1925,18.807438477962823
1926,37.699498149966644
1927,9.050255775943217
1928,19.927986023152034
1929,20.526275809102142
1930,19.49329210077326
1933,15.244455341066802
1934,17.699676753007015
1935,12.114139325009063
1936,8.364336793240883
1939,23.14998080520544
1940,15.338125196966585
1944,8.810018997804328
1945,16.164833511698177
1946,18.25864841344534
1950,17.62611195589983
1952,17.549717045262543
1953,17.488652890484083
1955,9.478169682478194
1956,16.341196897572132
1957,22.98805722946374
1958,11.352593987587722
1963,18.591897779970804
1968,17.503013702173213
1970,13.702160434856282
1972,14.110627030368143
1977,11.870417090305825
1978,20.961561440802573
1982,15.264015094499356
1983,12.961111810368244
1984,15.066039717471865
1992,20.80321732437496
1994,12.779593289221095
1995,28.632992477479146
1996,20.26537361240923
1998,17.35312574172205
2001,17.574998050835873
2002,18.635132049605904
2003,22.417281530586607
2005,34.958078161583046
2011,16.829921377157678
2012,16.40753549911183
2013,10.427723334172256
2015,21.25272167313188
2016,20.664678224555544
2017,20.191168446360276
2019,21.048959908867527
2020,8.635274677523578
2021,11.284782704867178
2022,16.379356254999678
2023,19.930570887593856
2024,10.442858716180888
2026,15.754519239142171
2029,11.690831154127745
2030,20.174145318235475
2031,17.597937678300323
2034,17.08663089721022
2038,11.18141233363768
2041,20.93847077804284
2043,20.050494388174812
2044,27.853220217347516
2045,18.711995052021777
2046,18.36735831526927
2048,25.125206924364733
2049,16.02342470279865
2050,24.65452657852486
2051,12.030657272062577
2052,19.101032998729785
2053,15.136853623086074
2054,15.26478167422434
2056,22.6245117829202
2058,10.159452988253653
2059,17.76912768698934
2061,11.61660385213158
2062,20.486532996699403
2063,17.857994590707623
2064,14.174539770207739
2067,9.194129252961872
2069,16.88417127977363
2070,11.985980712461972
2071,13.758149073191024
2072,15.38408052106417
2073,33.47942061440753
2075,9.408865304103223
2078,12.84194080115676
2081,20.687979954778363
2082,14.320870839789887
2084,19.22658293853292
2085,11.782654196017424
2086,24.051785217096683
2089,12.923995092997751
2092,15.35006348991258
2093,13.411575369317694
2095,13.462709449322148
2097,21.77156965753755
2098,15.997372349571895
2099,23.0694961257713
2100,16.778913781821256
2102,12.398434140157764
2103,13.927368803033108
2104,11.552544766691176
2106,14.811235900013852
2107,11.787274064162515
2109,13.075975153835703
2110,21.60068554571773
2111,11.206239955924953
2112,23.25910947054552
2113,21.816170831770275
2114,28.737977385708795
2115,20.692441769026978
2116,23.08668798022685
2118,18.564268403594877
2120,17.041284286291983
2123,15.467963923432734
2128,22.839509581615474
2129,27.907864283190822
2130,31.39246649033573
2131,9.285342712753849
2134,12.09601408067072
2136,13.867378176114133
2139,16.546842396810877
2140,17.56828812363755
2142,20.48188510060429
2143,10.057424697162142
2148,11.560531034004084
2149,19.252171752135812
2151,21.33851544177034
2152,12.601875098381097
2154,10.455143923171192
2155,14.269200363052143
2156,8.7747635728929
2159,20.522110426340294
2160,13.275412271300972
2163,13.723595363990931
2164,9.302096773477425
2166,10.96786018383406
2170,25.204151073984754
2171,12.462191722613415
2172,21.514653476220783
2173,31.814810332529188
2174,14.013150731926979
2175,14.43744853876892
2177,11.877966966557056
2178,17.270496356999658
2180,11.450625619566013
2181,7.44205714072121
2185,14.865222647715553
2191,11.221429344561924
2192,17.78618089825973
2193,16.75195090186626
2194,12.49913252738692
2197,14.310699119914618
2198,20.6135336862641
2201,11.070374900238994
2202,23.769294898450244
2203,21.734150064849413
2204,12.995364161972926
2205,17.539778675109673
2207,19.1150874783951
2208,15.949465361733097
2209,23.236793871223856
2214,19.98428284468342
2215,20.783326143492168
2217,18.356130805986133
2219,12.309978422353865
2221,22.746544036227917
2222,16.77473081477491
2223,14.520543928274853
2224,14.092546554551252
2225,8.01400570188924
2226,13.63123838743799
2228,11.968259530417997
2229,15.92748039115675
2230,12.582353427306254
2233,12.452651939881495
2237,14.832146732723013
2239,33.902513153046456
2241,9.787324437313432
2244,23.230286384325023
2247,20.116731232253887
2248,18.28084868209642
2250,15.443496212294818
2251,18.56180019139212
2252,11.251201262838375
2253,21.848696789312115
2255,12.475235008614488
2259,10.774688038677647
2260,19.02829618105992
2264,13.5665849083891
2265,16.795946777051782
2267,28.149057373542487
2268,13.755825559533127
2270,14.619295072900043
2272,14.487626272053593
2273,8.926904927436022
2274,13.019502928693855
2275,17.218119995114193
2276,19.059845495185698
2277,25.07851383038353
2279,14.636534820176688
2280,18.37988073941512
2281,10.517173156209116
2282,25.210434007361723
2285,14.309034568383485
2288,24.256632037043094
2291,22.096933060191475
2292,13.372263986547383
2294,15.115237351722824
2295,19.439229935744812
2296,10.278105036034871
2299,19.554817397336663
2301,19.264758364615954
2302,21.975384045034442
2307,17.18117104276171
2308,16.991130473908726
2309,11.576853141826746
2310,16.427331305229178
2311,13.725460838719952
2312,13.896826539379955
2314,19.526845896931825
2316,14.148259441553007
2318,30.63936781782736
2320,9.862657248042954
2325,18.31396881341709
2326,14.691952623125122
2327,15.71647614145431
2332,17.261198663539673
2337,16.310960426056322
2339,13.551313717925561
2342,8.463570521798282
2344,15.991813150613945
2345,13.548688172201949
2349,11.779285020832718
2352,18.364371840980155
2355,19.978338571475863
2356,18.86267505371456
2357,18.478077279525678
2358,46.0006988580446
2359,22.047124862453234
2364,14.500034586501153
2365,25.909601805230192
2366,13.952132528559671
2368,11.655411760357527
2370,21.649435215493448
2371,18.495157341673725
2373,10.86443039053711
2374,12.749679095907524
2375,38.86790464317138
2376,11.518850005842754
2380,15.52063540019576
2381,8.737677156105837
2382,12.260850697661601
2384,20.92345269644728
2385,13.052244059950125
2388,25.040298658591134
2389,24.33586102902242
2390,22.687869526885642
2391,16.429106140528276
2392,25.01095272515461
2393,21.270715558393
2395,25.171991702193235
2396,10.143779654665702
2397,15.02125728321684
2398,15.235605140500642
2399,17.5975364947082
2400,14.181507227379093
2401,14.721641834227283
2402,28.616473134320078
2403,17.371923581336997
2405,13.582364202560887
2406,18.5725785545737
2409,14.056187678189444
2411,12.992036054879762
2412,13.873697959651123
2413,21.986309213317114
2414,10.362939269835339
2416,13.418740887869683
2419,14.277539198068695
2420,13.833721383259451
2421,14.694126223425576
2423,25.157400288476225
2424,24.59159201389704
2425,13.155181616194435
2426,13.723448715796474
2428,10.379946669732254
2429,16.724681492427656
2432,11.806580612227974
2433,25.712496871292913
2434,13.912864056084457
2435,11.537803103828558
2437,22.340102982154303
2439,12.065197348981686
2440,12.970254953049153
2443,11.366846723815454
2447,12.740906500554319
2450,13.395228945694411
2451,17.112355389946238
2452,21.07275271000921
2454,18.319304726824097
2456,13.635510706573534
2460,12.244672213213176
2461,12.098019231487218
2462,13.432873913375696
2463,16.130460257072226
2464,16.30079799038673
2465,17.820973389352623
2466,33.49358598417424
2467,14.11749208709125
2469,13.300819829386603
2470,19.687818545928423
2477,12.954079500660448
2478,23.50724071752011
2480,10.945960645839019
2484,11.042773800126092
2486,10.726148483220166
2487,9.645757491343307
2488,9.748153344328484
2489,25.423614122688512
2490,11.977146882808315
2491,15.465883669509857
2492,28.350849249371926
2493,24.632951446415834
2495,21.597579052577935
2497,16.245585692651286
2500,13.140430493393387
2501,26.14038225745875
2510,11.50747788885058
2511,11.931474570953824
2513,18.30373679557757
2520,18.27059120554997
2522,13.654535131470748
2523,21.478682837448126
2524,15.003774995098219
2526,14.421800838461596
2528,23.641778297301347
2530,14.662420558283033
2531,9.572703359966871
2536,19.674936256702463
2541,10.965799717819145
2542,10.836535466557038
2544,16.34649848780803
2546,13.666883711639388
2547,16.975397523332582
2549,25.86924771475475
2551,11.012874571601117
2552,20.005394889322424
2553,26.355552948579987
2554,14.479844551603275
2555,9.761061196678204
2556,15.23944490234787
2559,13.256311928701857
2562,13.599589418538173
2565,23.023102008239952
2568,14.91362643016909
2572,15.18726413789105
2574,15.849658029102303
2577,15.755013423256901
2578,19.162790504401176
2580,21.836903337551295
2581,11.991048002822046
2584,11.196491303341155
2585,23.5983517084524
2588,9.706192857657786
2595,17.88027919891311
2597,19.77779085314145
2598,25.296040180499006
2601,13.051441818237475
2607,20.88964582854442
2608,13.55741950788837
2612,23.447922528032056
2613,21.534683523918677
2614,12.518276770478689
2616,19.96173597938087
2619,8.284077540487168
2623,12.334151505230546
2624,25.698121262883205
2628,19.074863910837994
2629,15.685562310332525
2630,6.500401010543026
2634,18.44396720203501
2635,11.569808498305363
2636,16.9644566837213
2637,15.756690350334127
2640,20.395754438708458
2641,21.021085791410886
2645,16.61044812613625
2646,16.404674973498178
2649,14.924240494001008
2653,24.77004361735164
2654,20.09577828023292
2657,36.869254053316666
2659,14.404773206582597
2660,9.607865751523931
2661,20.764872886132217
2663,10.708339113065557
2664,32.36676059333159
2665,20.050287823344615
2667,34.447376560980125
2668,18.60285144266309
2669,33.15990375123255
2670,11.188777383846057
2672,25.580046210166806
2673,21.78556711492433
2676,20.771890018304347
2677,22.779109572278422
2678,16.149328377490303
2680,21.062509529656175
2683,25.654173807380577
2685,10.24688665518386
2686,13.19348187810257
2687,15.535047675179266
2689,18.191844317569863
2690,12.612924871926108
2695,11.751355846788094
2696,12.822650854414087
2697,13.580548069389673
2698,10.907010089062862
2699,14.869003906465998
2700,13.536832818925179
2702,13.115527820851122
2703,16.704949555305028
2705,14.584124324504938
2707,16.974921710201944
2708,9.401212611567283
2710,18.13816547647396
2711,16.25406947811338
2713,20.955248125106497
2715,13.092725055918317
2717,12.70922464040719
2719,16.866034781332175
2720,18.777634310949036
2729,15.113575716301009
2730,9.311203233431547
2732,15.307810344662277
2738,24.05681049201709
2739,12.831286288701913
2740,25.291172904244732
2742,13.264079094292235
2745,19.110136300906067
2749,11.228060415362194
2750,19.069102574465486
2751,16.22487725049841
2753,12.329137337899711
2754,14.803973972898756
2755,11.979091073831569
2757,12.072618291982666
2758,14.731767851442202
2759,27.11746717189287
2760,19.56336395457586
2761,12.9937001011813
2764,14.255140810521656
2767,16.771320399239205
2768,12.74265073508247
2769,10.835972668257101
2771,13.59165820239666
2774,21.329003583998997
2777,19.3032555622067
2778,15.022105283872776
2779,23.457313602049886
2781,10.022458782629748
2782,20.390380025384307
2788,10.01705636669749
2790,9.997317027913734
2794,25.751781428022998
2795,15.719659380254056
2796,10.689600596106702
2797,12.518820417899716
2800,33.988884344143976
2802,22.676894884739053
2803,16.43927394411726
2804,14.299427191279099
2806,12.514698722419928
2808,16.76471732261566
2811,22.084340930841652
2814,12.448314625588134
2818,12.518395420139784
2823,17.52279153769136
2824,8.272805270418496
2825,14.879603280800048
2826,11.886482633096165
2827,11.058501725552405
2830,9.227255459445907
2831,14.692020464538066
2832,10.593332087771788
2834,14.449224626189755
2835,18.059571866281633
2836,17.467496519133263
2837,23.18515490318324
2839,19.32056455629618
2841,15.662733165003454
2842,17.765094256504618
2843,18.148402398981354
2847,12.338866912799375
2849,18.219855909639755
2851,12.111306047578948
2854,18.87436920387925
2857,14.712739935589545
2860,11.614169484058655
2862,18.152067258446838
2863,14.925910824360084
2864,19.58159556882234
2867,20.971145810337223
2869,17.634675465305147
2870,15.873154733688004
2874,17.995062735059243
2877,22.827011762182284
2890,23.31461268494758
2895,15.53492364362208
2899,14.731378826178727
2900,14.21658506578497
2901,16.237116341417938
2903,20.48603892819124
2904,9.124037691742501
2905,30.474412616719874
2908,12.810772297228201
2910,30.188677897897502
2911,26.449423581599884
2914,17.605859286391986
2915,15.034185814277599
2916,33.5489482042486
2918,18.170687054404922
2920,17.900851494454653
2921,12.698057687803509
2922,16.299707335963983
2925,11.386921215369936
2926,14.101322245819933
2930,25.78039451382912
2931,32.8642471874453
2937,14.634483242526002
2938,13.823175264307471
2940,14.693029963208145
2949,22.486702033336332
2950,15.645293791894233
2951,32.6226216201545
2952,19.938354897082327
2953,24.83232113035158
2954,25.447470655033026
2955,12.0440856713548
2958,17.647729422285764
2961,18.03694011978407
2963,18.809154311893952
2965,31.68401887526671
2968,13.915332390941598
2969,18.38979894220295
2970,11.560940251699966
2971,12.438774383380059
2973,12.8707320213297
2976,15.33355116759447
2978,16.90510046010185
2980,11.01963745450182
2982,17.314713621530945
2983,14.260708982251156
2984,12.709212346935123
2985,17.741749569338523
2989,14.643880431893923
2991,12.613733385071116
2994,17.23790758950648
2995,16.85804810956343
2996,10.182162208168782
2997,22.641771368465868
3000,18.363375277849556
3004,14.54174573681344
3005,29.667904511562135
3007,24.820526848442707
3012,10.260238421061231
3014,18.312241730719485
3016,15.05710218025187
3017,17.324808441130834
3018,13.135850583653824
3019,30.516238366952575
3020,13.984434136445353
3021,14.859694988006796
3022,22.640920795563567
3025,11.097011324864523
3026,15.917884545640922
3027,19.92971620865949
3029,21.655528484184618
3030,19.970029044309527
3031,24.90091558966361
3034,12.011957066673768
3035,11.303210401206087
3036,17.368052622754025
3037,11.990289056052353
3040,24.414691918946648
3044,13.149469892801134
3045,12.60194496939305
3048,13.718084725084003
3049,16.615375117894605
3052,23.900831693793776
3054,14.075339702120221
3055,11.887885135247577
3056,23.001781160089276
3058,22.120237133035136
3062,17.24590076849188
3064,20.356118270759453
3065,14.019094868205183
3068,21.445317813015286
3074,10.922325661219395
3077,18.45690458726137
3080,14.412356374786613
3083,13.106843819884112
3084,15.802273008577298
3086,15.70158204742202
3087,14.169216498693826
3089,15.33692132693032
3092,21.352626254501494
3094,17.894496687437083
3097,26.17604277838897
3100,18.719446092270758
3101,11.142160162187693
3102,16.854876685771984
3105,12.846535545324477
3109,10.498234239702231
3110,8.373580604883973
3111,18.193106881442343
3113,13.434146922142654
3114,20.95413960897596
3116,23.096643262093483
3117,30.32058825434533
3118,21.202710789664224
3124,16.670498781004543
3126,19.03096149400518
3127,15.88812396634031
3132,14.011960696265083
3133,12.799690743728517
3134,10.751279252796687
3135,18.773779069275403
3136,12.143631329417348
3137,13.39905374182492
3138,24.929285982375234
3140,11.00934587808577
3142,13.794919209151342
3145,7.9015597103918145
3150,19.467482312254507
3152,14.965006164945244
3153,15.918072707953064
3154,10.192065470939383
3155,28.682539462394914
3156,11.84829909876212
3157,8.733552245999304
3158,15.562322368475026
3160,28.13320064338887
3163,19.69504495070326
3164,22.940710796686275
3167,13.846973184909743
3170,12.377619398754268
3171,12.248007634855599
3172,13.705348667887673
3173,11.703351845042773
3174,15.659746941008477
3180,18.78481439140165
3182,12.009979836924872
3183,17.369421764512552
3184,15.027586396797203
3185,15.347928456312294
3186,12.526905527369513
3187,7.970128548269568
3188,11.03841446123953
3189,21.444514541842324
3191,10.57138794665089
3192,29.194193775680315
3194,18.118789964605742
3195,9.489717279827762
3196,17.936363427552926
3203,15.604829686817883
3205,11.701028332376628
3206,13.830608905917476
3207,14.964203574384683
3208,4.604435313988981
3209,30.285905985989316
3210,13.375311100911118
3213,16.18501599204786
3214,14.083850257256515
3217,11.097178431566507
3221,19.682576191942392
3222,12.513997429702183
3223,23.86084769705248
3227,17.30688318676637
3228,14.801049314437288
3229,13.300252925237922
3231,10.24012350551323
3232,7.999294815036949
3234,12.815226180547516
3236,8.668916668505382
3237,11.439379649342818
3249,15.010374025594068
3250,11.37140335179827
3251,11.85234634118591
3255,22.45410881534665
3258,13.004056710198876
3260,12.585012203306547
3262,20.795526000550943
3265,17.399836513013806
3267,16.506246668973482
3271,10.750061396844885
3272,16.52775573756909
3274,18.349150109809596
3275,20.85080569000814
3277,22.792753652663112
3278,9.591415282028183
3283,20.872895842489196
3284,12.631354135628554
3292,13.456004331607625
3294,10.212116138776196
3298,19.004791567923128
3299,21.11132029164941
3300,15.57290554336154
3302,33.41085954583431
3303,18.670307462063974
3309,10.522086295390347
3311,8.72145905975995
3312,23.786652640556976
3313,30.05665998291903
3314,22.855680776257497
3327,19.785405879505934
3329,24.70852009483043
3331,9.804897355700096
3333,20.214880697672864
3334,19.195238203629298
3337,12.728989354719005
3338,27.49773252070498
3341,10.833629953076693
3343,13.589050749551259
3344,14.92066706070441
3346,31.2100908496264
3351,10.907509797231791
3352,20.23113478438459
3353,21.739249664597605
3354,13.919139820331417
3355,12.414749098238186
3356,15.512597668407135
3357,11.461143151749793
3360,11.582435905455654
3362,29.425349908946618
3363,21.791499514451846
3367,19.890100088653753
3373,21.31336346731137
3374,24.04585321282678
3375,8.893437300125274
3376,14.548166542744255
3377,11.935747784734291
3378,15.718846012664752
3380,13.847365873043428
3381,14.018252623222951
3384,26.14499294391459
3387,15.767314531944692
3388,11.86238253509345
3389,11.255654891328568
3392,15.848512659306927
3393,11.928258725717656
3394,36.323322797740154
3395,21.855909455737955
3396,13.867554764117601
3398,14.69752457730228
3399,13.56527250372189
3403,10.634839823257046
3404,12.171916754030438
3405,11.770502350873649
3406,18.001156619589423
3409,21.02907931992572
3410,12.208554891500658
3411,12.32586326884564
3413,18.422774216462862
3414,19.92778769704941
3417,15.940413670998174
3418,13.28755018682331
3420,10.869918440551173
3421,22.34484316300052
3424,12.504245033610047
3426,22.029063164052985
3427,26.10305832488374
3429,20.46550397563417
3430,12.493613595280705
3432,13.056460386124998
3436,14.933573014177925
3437,27.08223897248394
3438,12.982884979392914
3440,13.224034116489563
3441,15.297886684844606
3443,15.291985168391696
3445,10.94570711695311
3448,22.57527075128558
3452,20.48399053000536
3457,14.71919729095686
3458,19.572392227950473
3459,12.332544305537809
3462,11.81726477765641
3463,7.866449128180718
3464,13.59843573512609
3465,15.508555900580587
3471,13.161125312060483
3472,16.303119990786794
3473,25.05668381888951
3479,11.095717277475034
3482,16.598375377191523
3483,17.046571868779598
3484,15.334871947682903
3485,16.650844529095828
3487,10.122569003618707
3493,22.594285372457232
3494,13.857625299856144
3495,22.831772700503922
3496,13.039435192716613
3504,15.824233713462805
3508,13.807211090183383
3509,20.801788224919253
3514,19.62592958239427
3520,15.896410926522252
3521,35.459520814702344
3522,9.379371738244945
3525,15.088152007593271
3526,15.534305662980502
3528,16.375340789195242
3531,13.953583491421394
3533,14.041298372973083
3534,12.605666876936658
3539,22.352138092547793
3542,17.252714603492603
3551,12.12314797923841
3552,15.484857376309055
3553,22.75770720834657
3555,11.421801116214448
3558,13.166683259314494
3561,19.035488033967525
3563,9.543974833340089
3567,17.945928812261972
3569,11.722903753028778
3570,13.78966400972778
3572,25.82548567153855
3573,15.967502309363665
3574,9.93411755029371
3577,12.246720134806434
3578,20.76388354541268
3579,18.651851491116297
3580,19.579983288821342
3581,21.790754139064255
3583,21.241183916391613
3584,16.25990565907207
3587,11.842135042441967
3595,17.550811549136128
3596,11.285121125581886
3597,9.290117186370955
3599,13.361427611260497
3600,13.478722986852791
3601,10.683305253203887
3603,12.018617715436404
3606,20.423488839438857
3608,22.051841197277643
3609,13.221747366816608
3610,18.994689352264125
3611,9.809680002431122
3612,15.091774202797057
3613,21.387013427903252
3614,17.81052163336658
3615,16.98459752671757
3616,23.75455879368791
3617,13.491988136381948
3618,22.16829838361557
3619,21.052008230148296
3621,15.890867520699555
3622,15.93954855420732
3628,14.684713208638563
3631,16.001668758810563
3633,28.457969343369573
3636,9.452939610712795
3640,22.756055296604703
3641,19.067339609762588
3642,14.730698107319228
3644,29.338872208851317
3645,10.791974454677947
3646,20.43069809440002
3648,11.378497080500962
3649,12.108283578107413
3656,11.594734352470297
3659,15.650298272603274
3661,10.984964405588313
3662,12.205235590702214
3664,27.09416564868776
3665,22.894219889599338
3666,27.51787497201783
3668,13.021371537259128
3670,14.956350884228815
3675,11.513006517363717
3677,13.873727940380927
3678,11.62873952005617
3680,12.622447012947175
3681,15.070837713115711
3682,30.7545361753425
3683,23.68116478657614
3685,14.529963684313433
3689,12.931208808076896
3692,23.861680337913285
3693,33.7169818746823
3694,10.901365847763348
3696,15.265861666524428
3698,13.515937305518998
3699,12.86562774608991
3700,15.176929475631088
3703,10.112761916770165
3704,13.754335759125077
3708,7.738669107680917
3709,14.17294255798926
3710,14.499075402484898
3711,16.153738578459812
3712,29.08095420648854
3715,11.366130691809747
3716,15.381527357991187
3717,12.90436125637457
3718,8.384539356643517
3721,13.741253178631537
3722,11.03513651398124
3724,22.663930482116317
3726,14.363640999931786
3727,23.3701469767618
3728,20.67388063227595
3730,21.757858475458377
3731,12.245075560070571
3732,14.166561036824877
3737,24.232743372336
3738,14.405984616042854
3742,18.780909040949396
3744,14.105251277566516
3747,8.522625378848305
3749,23.91483235186621
3751,26.536275395889785
3752,15.058743432051541
3753,15.839491147855647
3758,17.8151732939923
3759,14.154845577650098
3762,17.131419850002672
3764,12.631910955404189
3766,10.076695743752186
3768,7.770347870751722
3769,15.864912238622447
3771,18.817344840563653
3776,15.165808121669151
3778,14.254767005315156
3782,24.46639116008705
3783,16.460495769292145
3784,15.03850836976892
3785,25.02526293413845
3787,31.453035423974544
3788,15.760394979411041
3794,13.949714571867547
3795,9.258745767325358
3797,22.44038473235514
3798,12.505482340512202
3800,17.255629096667164
3807,12.297992874117556
3811,19.51916740010899
3814,11.273084435070034
3815,12.547038687372165
3816,19.189428213564995
3819,9.794205625689525
3821,20.066570012165315
3824,13.07798869364656
3825,25.808235315140767
3826,12.581815866880836
3828,23.636012392438293
3829,19.824847322976243
3832,27.107633999690513
3833,15.86800963654573
3837,14.510065718780737
3838,9.094673374770904
3839,18.736430471639604
3840,15.973835966969162
3841,32.371431720635165
3843,12.619178205333302
3844,12.815398817085958
3845,11.756854743091294
3846,36.22175277700313
3847,16.69590753367481
3848,17.97645621972963
3849,23.201803895416102
3850,12.540726351677504
3852,16.590452305606625
3857,17.05465761838835
3858,13.386965729787672
3860,11.950059013890355
3861,22.96603049854006
3862,10.653753282560187
3864,19.148638824837672
3867,12.441543440379954
3869,13.457278428173494
3871,14.064118419046913
3872,11.293482546815254
3875,13.872432856222613
3877,14.327492608244643
3881,12.129763716969325
3882,15.004154199145088
3883,24.82897355237632
3884,14.329516572261824
3886,14.59757858640677
3890,19.294989305962304
3893,11.87739167851831
3894,15.489662388529007
3895,15.815628262323465
3896,19.341757950731203
3898,16.84035283186571
3899,10.683652726862825
3902,26.39027537220004
3903,9.453033734950328
3905,18.584578142671305
3908,16.680749310026716
3909,17.05132017870597
3910,13.544524877215801
3911,15.065733964066508
3912,20.999882425859457
3915,8.485365991606033
3916,13.505218505244965
3918,9.955829619409844
3920,11.983136357745488
3921,24.785664779190324
3924,17.36717615891225
3926,21.196061643932318
3927,18.34845000261175
3928,14.884782307485313
3930,14.528963435683663
3931,23.16496052142135
3933,16.35541096328365
3938,12.396005875242581
3941,29.045039756867283
3943,11.834690195024558
3945,26.1779550677353
3948,13.085366377491148
3950,26.226096606934625
3951,12.858904082361898
3952,24.320726218622227
3954,13.501194490796264
3956,28.617422120820493
3958,16.227019385687722
3960,12.722750111738954
3961,19.655759443125376
3963,13.379216050015106
3964,10.165949669970137
3967,22.86561957498626
3969,16.95313862892081
3974,10.749426655016844
3975,26.18948181009148
3976,12.502462443631629
3977,20.10313625392551
3978,18.2679420753497
3979,16.935629041654167
3980,14.059248872210572
3982,13.41666509235414
3984,8.537774597211463
3988,17.025583851946987
3989,28.369711676074985
3990,20.167661903749927
3994,15.023142148961954
3995,17.427305359724897
3998,14.13547728790601
4002,10.428517315895522
4003,18.55350163819313
4004,21.127590585073467
4006,13.018774144199345
4007,20.03416921139088
4008,20.268175168715846
4009,17.415906095247294
4011,16.103213462342225
4015,21.3834006380424
4016,17.88775207777277
4018,25.455863638626326
4022,14.270696426353927
4025,10.107259032517767
4027,26.518849771138484
4028,27.53700376855743
4029,15.171333021172329
4030,21.68024644974538
4031,22.22203076254065
4035,23.5165797016455
4037,12.70026003939388
4038,26.524475323519866
4040,11.722900400956897
4041,14.709466684871954
4042,16.67617738717911
4044,25.2459221763426
4045,13.387716235818733
4047,14.35567821922298
4051,27.59835863306421
4055,18.742481379048325
4056,15.46493334822546
4057,11.883739671938736
4058,24.22149057004374
4059,11.980828950997015
4070,28.102582949665077
4074,25.434186246479754
4075,10.09823646456011
4077,18.012745063460876
4078,18.549758183559742
4082,20.70740675608397
4084,9.116856055504421
4085,29.456233935476487
4087,8.387065806998024
4090,28.561708037766344
4092,18.069589768349985
4093,11.98398267923344
4096,9.924306497713177
4099,26.606837033516943
4100,11.720776099428525
4102,15.862671654012326
4103,21.21049430373646
4104,18.188685513314457
4106,31.90513527542986
4107,15.263475980649078
4111,13.434432377190593
4112,14.365535577895594
4114,13.258223021891348
4115,17.063985572476327
4121,9.865944971127613
4123,13.241808211313828
4124,12.225588512268798
4126,16.42465126883722
4127,13.330505398392342
4128,14.575254561242014
4130,19.303855664221366
4133,11.091274417271984
4135,8.406672712968307
4136,23.082856789117038
4137,22.984514569225066
4139,14.28560092850078
4140,25.50720096797512
4144,9.491230672106347
4145,19.505427996486063
4146,22.616250835110637
4149,13.713848908233945
4150,20.076866489542855
4153,20.93118364776489
4154,27.26185906676297
4155,32.023161768589766
4156,21.534035945274553
4157,14.503574801049286
4162,14.845618103477555
4163,15.221689728504325
4164,16.204972855011743
4165,14.279929678471113
4166,9.904174472761893
4167,10.505102796884612
4169,15.096284417058229
4172,21.878284972049016
4173,19.361887620530666
4174,15.035119850761092
4175,19.531322676035654
4176,7.846509549598906
4178,22.63718750652584
4179,23.985762902934653
4181,12.12441649577014
4184,19.574783385809024
4186,13.177968940556797
4187,11.86358780470006
4190,21.99650953872596
4192,15.005488779719103
4195,12.7104670341665
4204,17.676749313746928
4206,13.559678933200765
4207,19.955941341527847
4208,10.363910934327137
4212,12.438048031298468
4213,26.660905910975302
4216,13.990038031846463
4219,12.331468320555402
4222,12.930425152278602
4223,15.202173205887837
4224,14.147477632008888
4225,10.952671136651302
4226,13.995208322549034
4228,9.922289484930669
4229,21.66966013467056
4232,11.504387411949487
4233,10.591614300711393
4238,16.74927789400831
4239,24.785322681957837
4240,10.275886659581463
4241,12.265608136579488
4243,24.56636828084592
4244,14.660483424858214
4245,17.977794556118866
4246,11.989336503332002
4247,10.586306487814115
4248,15.046917956449168
4252,16.449228683453246
4254,16.301995193277932
4255,13.414403974197482
4258,21.65132857419329
4262,17.493050980242263
4263,21.153007169186697
4265,10.475346814642636
4272,21.626228119794703
4274,20.426453270168704
4275,12.065800210585058
4276,23.371539686438318
4277,11.023834489464077
4278,27.11423406041968
4281,16.185157034340165
4282,15.905329040053953
4285,14.71924951088107
4286,16.669634019869633
4292,19.890661613999335
4293,9.62136889411552
4296,10.669205425018001
4297,15.308800028503521
4298,13.13512609075699
4302,25.59329881101871
4304,10.025109389935059
4305,11.525940455138283
4306,20.245166042342234
4309,13.256897209112186
4310,27.639454820440932
4311,14.762781246651814
4312,17.332492986981393
4314,14.73129287421521
4315,23.6579372465558
4318,15.755428504758438
4324,9.218857407215587
4325,14.080953206989834
4327,18.503415707584235
4328,27.46471367383448
4329,10.649470592509427
4333,13.887716206198219
4336,11.44565880761948
4337,7.486676219385477
4340,15.412772062351658
4341,14.729945150161553
4346,12.79119790263414
4347,12.1875026195521
4348,13.264818596769846
4350,14.540344173485282
4352,16.665197326386682
4354,22.47906645448676
4358,12.970003520002296
4360,14.802582199297943
4362,18.31631149334422
4363,15.296243961542498
4367,16.30850901896207
4371,28.997455470411456
4372,18.588477552373813
4373,14.694052796759287
4374,23.669579351183966
4376,25.130076334868196
4377,12.599337380116406
4381,21.81681555852564
4382,11.923548184993125
4385,14.627720805109803
4386,14.482037911743921
4389,19.87184348160459
4390,11.325931163687542
4391,9.608730043650102
4392,13.01856667984217
4394,21.044380989695092
4395,19.223945556710827
4398,28.039872764352744
4400,12.432245118710279
4406,27.016354659823204
4408,20.854282472744163
4409,10.88630439269946
4410,11.813294786682352
4413,14.856441142819099
4414,9.718458525207094
4417,9.513436001380791
4418,12.682765067154493
4420,22.216387506993495
4422,21.675733059667664
4424,23.062421948774208
4425,25.527678720386113
4427,22.16980857675787
4430,15.837601617441978
4433,15.67732396232196
4435,12.82187961909126
4436,29.504852993360526
4438,19.284977884440153
4439,7.579794439799371
4442,21.993974659220815
4447,16.523493708777288
4450,18.216804243448745
4454,15.016655187103435
4461,20.117778418143228
4462,10.758720129457485
4463,17.118952668066996
4464,23.336527855845326
4465,11.375927732290512
4467,11.279377939418378
4469,15.173362955615294
4471,16.8117261999141
4472,22.58722219524724
4474,15.286128215053875
4475,13.369811782722616
4477,31.675738357967155
4479,12.24212399637675
4482,11.900817241621926
4483,11.534601616410072
4486,22.403141239374783
4487,11.364745611354278
4488,22.58365134888504
4492,10.159895552026569
4495,19.478392756813246
4496,14.587735691188705
4498,9.371543658081354
4499,16.383493743106047
4500,17.402262026908275
4501,22.880711653624942
4507,29.275819063046015
4509,15.91284572902188
4512,18.49453053135547
4513,18.111633082818738
4514,16.283319815119143
4515,25.66656936031294
4517,23.738035976055155
4521,14.927299970050711
4522,22.105174719641695
4524,19.47254562599902
4526,11.872263175844244
4528,21.58221923600012
4530,23.632467409459423
4532,15.004644435461255
4536,23.89649844199461
4538,30.120683728139124
4541,30.903412903427306
4542,12.245286562514584
4543,7.041470534035362
4546,11.09494421522745
4547,13.758585359362955
4549,11.055980381210583
4550,17.192753350983924
4552,30.25657315280147
4553,20.141873852407873
4556,12.248312803702175
4558,10.542167850700995
4560,22.89737520570928
4563,15.355666663309002
4565,24.96889094379869
4567,11.729903471047958
4568,24.27588090651525
4575,13.567966536002993
4577,17.750503714912643
4581,34.3953005289503
4582,24.8003835912464
4584,13.113127060569386
4585,13.64942675719354
4586,10.23936850494718
4591,34.4320830753912
4594,15.011431913985321
4600,16.35224255151874
4602,15.506273785628947
4603,15.511127669000171
4605,18.248663734862554
4606,20.72053051158991
4607,12.092367714728594
4612,28.60413681355788
4616,13.192711317343452
4618,13.17588294102584
4621,22.36458250964168
4622,15.19961262735928
4625,11.873210458096597
4627,17.193823808733768
4630,13.393501184106736
4632,13.460696968919619
4634,12.255145489610188
4635,13.941746618038678
4637,13.521826641619636
4641,9.483290874253317
4643,13.608456420487812
4644,16.231106772679453
4649,17.32028279304075
4650,10.766509416724762
4653,17.140858238326278
4657,16.20142547438009
4659,25.87744833351012
4661,12.579614816530588
4664,16.876023503032243
4667,20.576207162272937
4669,13.532076813449486
4671,14.696453130628761
4676,10.642571497326612
4677,21.898557775546344
4686,14.234640651254013
4688,11.541896603893825
4690,16.5385301152805
4691,15.78793221081776
4697,27.58590406523347
4698,12.519211592092606
4702,15.406116304846444
4704,19.2287059779274
4705,12.32302845344053
4707,13.03712784416295
4709,19.079937173565877
4711,14.089642287821384
4713,12.436312337190168
4719,14.075917664244074
4721,24.156604256082034
4722,29.627251407137194
4727,14.800827975725023
4728,13.747938655852186
4732,7.480259139152413
4733,12.733227247441972
4734,18.44928516839304
4738,10.937964450106627
4739,17.336773438309827
4740,16.225565731340165
4746,9.36916989809836
4748,19.709496217308885
4751,18.423811371800937
4752,15.522140311744234
4754,14.759735614774565
4755,13.325485412025623
4760,20.969995629394052
4761,16.421501772800628
4766,13.626088766372396
4767,10.603193442733383
4768,24.838485503323533
4769,20.655257205243522
4770,23.758119637937966
4772,20.447667114299485
4775,15.75779173711064
4776,23.95266554507393
4779,15.843603506409112
4780,18.891774359415425
4781,17.03087168590397
4782,9.292513991973614
4783,24.72332224247113
4784,8.243764300088264
4785,17.995283729601244
4790,22.357747741733586
4791,16.466925135325898
4796,16.772894655118584
4798,10.325240138989216
4800,17.36720364692425
4801,29.69938149039223
4803,15.148650189494116
4806,12.183269343165987
4809,20.778462921805026
4810,13.876679417835415
4812,16.78928999927763
4818,9.008855894980064
4820,10.42806734595728
4821,9.872473711421517
4824,18.476417590604285
4825,24.71170352586152
4830,18.706340926591682
4831,10.254355935065668
4832,16.27796654815437
4836,15.719252528227504
4839,14.701873484705036
4841,21.488094102463062
4842,8.162037936003756
4843,20.567433357082155
4844,20.468223990882535
4848,21.68497585800715
4849,15.587737562562172
4851,21.78350996948476
4854,9.604518175758693
4856,9.761464077578507
4857,13.578976512180294
4859,17.27423508411984
4862,13.814030665765015
4865,11.387014322994405
4866,24.389128142171728
4868,14.088766433972365
4871,11.817793305385218
4873,18.830875589251885
4874,31.407173473429957
4875,28.30040138823847
4876,24.46767716341653
4877,25.63664283161463
4879,31.546660472704026
4880,13.551073737812473
4882,23.206967055024254
4883,15.524598671829402
4884,17.74496459498986
4886,16.17558917184536
4887,20.690108570360472
4890,10.32762781120717
4891,13.77673843382127
4892,15.271292840609771
4893,12.244769461485342
4894,19.859487348984242
4896,32.3105169429733
4897,22.646974654164698
4899,24.801912634175853
4900,10.92375174178385
4903,21.959570456075536
4907,9.709514786478708
4908,26.048803775875175
4909,6.464302647852289
4910,13.6916551893416
4912,19.01704346271819
4913,10.585977324080702
4914,24.857353621166276
4920,9.849377884222767
4921,14.904378570978558
4922,11.13812708115436
4923,16.119848016976867
4925,12.096675533031732
4930,17.599830576040063
4931,15.128788969458155
4932,24.272907408149475
4934,12.005643586951532
4936,26.123909867929832
4938,13.882922497303422
4939,17.313709858519495
4941,21.467357693482032
4943,11.908669376936544
4945,13.347349672351223
4946,29.164168097181992
4947,17.737805971717428
4953,16.066445162682705
4956,9.553999314747113
4957,14.946133196018522
4958,28.63637923465909
4961,27.77089993397744
4963,12.332849318267485
4964,17.742150107389183
4968,24.3594054447772
4969,10.951326165177372
4972,13.64638429124902
4973,16.540399476042836
4974,21.519968597403487
4975,27.835398245657217
4976,19.452229623765827
4980,16.027323040524045
4983,13.055620704914103
4989,8.976829336631306
4991,20.008441724062607
4993,21.25116387530552
4996,29.058044055178357
4998,10.941323242708052
4999,26.045556644885025
5000,12.650300695219624
5001,12.942397695538734
5003,22.984726932231432
5004,25.83648795467042
5010,20.402859838738667
5012,19.91488182502538
5014,15.58179062101729
5015,14.639207394048636
5017,12.415790774732319
5018,29.60107923637048
5019,16.088370901742515
5020,18.66514822784726
5023,12.668790092251706
5024,12.182408340385846
5028,13.896278631723833
5029,22.31465473146485
5030,12.474751141981288
5033,10.749032440868444
5034,21.684600302810445
5035,20.392347384989527
5038,13.201660655351372
5040,12.274831536825413
5041,13.018654769745673
5043,10.64119183435726
5045,12.133585482734878
5048,25.93534623043087
5049,12.49031139647722
5052,12.674810168195078
5053,10.496469714770665
5054,12.948355493564915
5060,12.220479315288946
5064,20.734888354353956
5066,22.334473019503704
5070,12.348425889821783
5071,14.722101127810335
5073,20.0630737057235
5077,12.709728700685542
5081,20.6760315773226
5084,11.718192502802767
5086,16.905594503620964
5087,24.98699963843299
5088,15.402525711053494
5091,17.510365901711822
5094,14.066505601204021
5095,15.017263124912294
5098,19.16448706608128
5099,11.92791080791104
5101,20.088958942066565
5102,15.074255406976285
5103,11.745989393121453
5105,12.399728716963761
5110,13.25786849515291
5113,16.317387666054575
5115,16.874679471666777
5117,13.995130192130782
5119,14.877971753404966
5122,12.029332395378836
5123,23.58579130421092
5124,9.730741222820749
5131,18.955294780635615
5133,25.14683969950096
5136,12.750353376642863
5138,14.477004107688908
5141,11.462626229012463
5142,23.08678698594185
5143,14.292115203220447
5144,18.203926344017773
5151,13.601265385003707
5152,13.799671856914522
5153,15.215131238256708
5155,9.011342237954972
5156,16.69091804629584
5161,13.227727147930784
5162,8.886891295108441
5163,10.634776668012666
5165,21.146926911351628
5170,14.110471519266982
5172,8.388484486865158
5174,20.436200680181436
5175,14.115501867032275
5176,7.964642315666252
5177,11.7002851491402
5178,11.501627779247103
5179,27.20418640434422
5180,24.33534134268666
5186,23.420581981406745
5187,15.136745237436385
5188,13.434752763382619
5196,21.291767221737345
5198,10.877243464247744
5199,9.844732302023088
5201,14.22261428937126
5204,13.759298562454623
5206,14.476967890797829
5207,17.490361734623775
5209,15.335974820667325
5210,18.94873489390213
5212,26.01909839999544
5213,11.369345187441533
5214,8.241899696070355
5215,14.414781926131388
5216,13.993457459000165
5217,10.744414437842936
5220,23.696595872109075
5221,19.03390857679881
5225,14.471426595657753
5226,22.822434315784157
5232,17.42972937430272
5233,19.72988269405306
5234,13.758431327808209
5235,13.33200129963625
5236,10.225601399707541
5240,19.787816407053196
5242,22.1255453861792
5249,16.314357578738388
5250,20.762945167991024
5252,22.179694298360623
5254,11.7314445193089
5259,12.804944728663932
5263,8.411899675794661
5264,18.733686426799675
5265,26.694659931256442
5267,25.119140497965393
5268,12.748569919284893
5269,13.418082250572711
5271,15.897347861117096
5272,13.840061796128246
5273,14.06895082243803
5274,27.860304905609755
5275,15.497491019119199
5276,15.972720811518894
5278,16.50204212961358
5280,20.24994823898049
5284,14.771025981081038
5286,13.738617712504551
5287,15.146313820860053
5294,14.729861853874231
5297,20.121485454367555
5300,16.003951664392094
5302,18.438695959728044
5303,16.347003702998073
5304,13.166959743601128
5307,12.746803793398511
5308,14.096690717407563
5310,18.20663795233674
5312,10.932016070166565
5315,16.677184474863626
5316,25.962083077973453
5318,18.99621167474294
5319,22.32391012281854
5322,15.34073979505463
5323,10.755481750778332
5325,12.469304611859888
5326,13.618590811549987
5327,19.93843243601902
5331,18.718087078010427
5337,19.62240025575278
5339,19.56825738323317
5340,11.776795469151697
5342,25.64318064742506
5345,18.54630798554842
5349,17.562796493523617
5350,18.205152034932723
5351,28.457716467821296
5352,24.86836229804308
5357,20.869743930555046
5359,19.27656886219925
5360,21.65033016219405
5361,22.531732951582075
5362,28.709257291696947
5363,12.406061875977327
5364,31.673719227601357
5365,14.321485477169192
5366,10.178847694087061
5367,9.337383539003376
5368,15.883198526455471
5369,23.491404423386935
5370,18.117911458266722
5371,19.41129341691428
5372,17.206406608469088
5374,20.049438783110936
5375,12.416035938889909
5376,10.688673423712833
5377,16.49077063897024
5378,19.222606644486977
5380,11.999223059912666
5387,21.11205733338902
5388,18.817415802601968
5389,20.387029142084533
5390,12.966589297351018
5391,26.539449246285425
5392,22.324277913524142
5395,26.06829352095056
5396,11.451856269604027
5398,15.34693287354666
5399,17.71669632198471
5405,18.97356140803437
5406,24.50101671476173
5407,23.212955720730168
5408,16.719518631870773
5410,12.168837371655526
5412,23.085796408563727
5425,13.251283892401686
5429,15.978286341333716
5430,10.623407389481223
5431,25.782023057593072
5432,13.061584138577992
5433,20.303124024323647
5434,12.438663606789365
5435,13.712560180424134
5437,24.47052070129955
5440,31.11089074078669
5441,16.138557822522454
5442,27.98164639767721
5449,20.29873228543983
5450,18.525582463465902
5453,17.77174148732397
5454,12.34484466812126
5456,21.634347024562686
5458,19.646061136608324
5460,17.423386252690957
5462,7.035907177119962
5463,18.595664256269075
5465,15.3579255441596
5466,14.602195089242745
5470,14.742474062125092
5472,17.629138771937672
5473,24.15714462018828
5474,13.90827434105622
5480,17.36937041006688
5482,13.545193597910691
5484,15.177329525193997
5488,11.413031824990753
5489,20.583496169553012
5490,20.73256257616652
5494,12.016814366525626
5495,36.23882496388555
5496,16.68870058223954
5497,12.395126916990343
5498,15.068859233633976
5499,30.23643565373344
5500,11.92838014120305
5502,14.019048809706923
5504,16.950123233731045
5506,20.520027541176347
5507,17.100266672126782
5508,14.32924638580697
5509,21.17210776590273
5513,10.087375084011384
5516,12.637108557141477
5517,28.45186016600095
5518,9.175420664189438
5523,17.519849529787685
5526,16.472565732498353
5527,10.929238840990553
5530,22.694496173867027
5531,17.51355501493257
5532,25.335744116831332
5533,20.052279463089782
5534,12.426364715984219
5538,19.161725582773325
5539,16.17728345303409
5540,11.421547675304971
5543,9.562804764099685
5544,12.946275537659865
5546,13.128731409561023
5549,9.075123762692025
5550,11.395084850294793
5551,14.778054259869752
5555,12.275025613908161
5556,24.692517068213757
5558,21.05391552538887
5560,22.824452232457467
5562,22.88451642974326
5563,25.337348691157565
5564,10.481971646907867
5565,26.851840115085615
5566,17.000424348027316
5567,14.426820984471725
5568,12.65858325774129
5569,26.005835199925272
5570,25.288784574127156
5571,17.683397702483443
5572,18.63308491316704
5574,15.373855987065562
5575,16.804767897168944
5581,13.351940690006904
5582,9.24381810872933
5584,13.518729833821382
5585,18.39231941135261
5587,13.398964453178646
5588,25.58674497915417
5590,31.913165930653957
5593,13.081092103621481
5594,25.92621406329792
5595,10.061836921073406
5599,15.264449034277266
5600,22.92833415777109
5603,8.380424482684221
5605,15.562134664444228
5606,23.370884010221747
5607,11.677943002843314
5609,17.043210190917677
5610,22.09609348852244
5612,11.952835100630521
5615,22.11006299423699
5617,13.947778536107155
5618,17.991060382556984
5619,33.6320552712995
5622,20.364451821481723
5623,14.57908571724654
5626,13.922909002146424
5627,14.02323878439028
5628,14.214069209245896
5629,25.112720913180045
5630,28.126533152930143
5631,19.490909885441546
5633,22.40149039343065
5636,25.95774204864372
5638,21.28014479479721
5639,19.888255772210005
5644,13.328850806950374
5645,11.028541794363937
5647,19.73378079154818
5650,26.616638329466664
5653,14.920546494202979
5654,22.965499998233096
5655,19.63283427357733
5660,21.5569476214061
5665,11.383459273682456
5668,19.758631309039902
5671,17.11365881998645
5672,23.758115478607905
5673,14.466501999276927
5677,25.47839655385513
5678,24.25602507052305
5680,15.08120699481744
5681,16.713289012081695
5690,17.25417754183312
5691,18.09455432689622
5693,18.539629264645733
5695,24.98472967421117
5698,11.840334360130116
5699,16.969132992352968
5700,12.67458749009704
5701,17.344859091814932
5702,16.591711834508338
5708,27.344201026723745
5712,9.505737428156403
5713,22.10307569724713
5716,23.37775048147964
5717,24.713685251974848
5720,18.12717392215111
5721,15.50694250611768
5722,12.479117079880913
5724,30.701930955457442
5726,14.417012824898153
5729,25.290417427410407
5731,10.643369050187669
5732,33.13121458835048
5739,14.417669722312517
5740,13.191186733193332
5742,13.627906241587871
5745,13.988372810457461
5746,12.251312471031904
5751,13.373122738336232
5752,13.11339769919581
5756,19.9513014865929
5757,16.592183047059507
5758,13.037772187407407
5761,17.46176061142597
5762,20.9630379603632
5763,23.61236158937428
5764,14.718602642635084
5768,20.817030639322542
5770,12.647520390008834
5774,12.231384159918175
5776,26.000576953735056
5778,11.829538752231729
5779,20.239130222257874
5782,16.32132789695982
5784,15.53250077276246
5788,15.970841167308047
5791,12.262432667745003
5792,13.812937728893422
5793,24.115538367469956
5795,12.792441241120208
5796,15.822150502262632
5797,11.544871598603894
5798,12.762143340581794
5799,10.474493699773697
5802,14.719915147145976
5804,9.748390698507128
5807,18.521216185464883
5812,32.626763419219465
5813,5.871694554615488
5815,17.542246287287625
5819,21.475804920208606
5820,12.599147965544779
5822,9.46231590742407
5823,18.322606582405573
5824,19.445933678035225
5828,16.744342777398646
5830,12.111846092600207
5832,18.203861579839028
5834,10.604595807481966
5836,11.441588603524695
5837,15.533132258544983
5838,13.867978126421715
5839,19.207225960992748
5840,12.729841193338126
5848,21.134339502048782
5850,29.89428196781828
5851,16.449653772643554
5854,18.369964897497812
5857,8.01910069469449
5858,20.142405266585467
5859,12.149522597686914
5862,11.459408683168142
5863,22.209558961028893
5865,9.509115753724018
5873,17.694307601196076
5875,30.98122998103148
5877,16.672034012383207
5878,18.937657285918366
5882,23.894822311466005
5884,30.29600135820508
5886,13.910472461899754
5887,14.684654028179944
5890,15.593967465952664
5896,27.6436506187495
5900,15.984992674687232
5901,15.506592554193755
5903,27.989500072688948
5904,17.125140712914217
5906,14.373914048029295
5909,17.80699726153777
5910,15.846594591112304
5911,16.43183341199622
5912,25.006713570436297
5914,38.55116584583472
5916,23.449285964944853
5917,10.950093936174339
5918,10.721575793205414
5920,10.93757325653182
5922,28.820726855419217
5926,12.330464299994398
5927,16.998173807732396
5928,21.632053065971203
5929,11.22070887386962
5930,20.930309361389934
5931,15.644366451251685
5933,18.107863773929132
5934,17.218756298689947
5935,23.670102594164803
5936,17.030265969155764
5940,30.831333805874355
5942,10.508362177277293
5944,9.464600288708832
5945,19.338008164311354
5947,12.764688387738351
5948,25.887521873460276
5950,12.688128599743111
5951,11.97909414798204
5952,26.06307237817878
5953,10.338400831474264
5955,11.920530646718284
5956,12.479080636471876
5957,15.685804375201581
5960,18.491068422494774
5962,22.615298911180588
5972,27.56368381958462
5974,22.85014905143612
5975,9.182520269391455
5976,10.891051600595079
5982,17.89124539818171
5984,21.824732103517988
5985,28.549536698236846
5987,14.432852609579783
5989,17.40915653201212
5990,13.134486836137373
5991,14.028906060898732
5994,13.549000180721396
5996,21.972424666935638
5997,12.596868346737486
6000,21.24467358179452
6002,14.330991358459471
6004,20.32003210377909
6006,19.292409471996326
6007,16.19854499463957
6009,15.721009082205507
6010,14.035595877228756
6014,23.010569944926313
6015,15.868914081750196
6016,20.278721666421763
6019,11.324268868099137
6020,23.169706255732862
6021,23.521075348906148
6022,14.524683823967106
6023,13.82287291419431
6025,12.347177681141542
6027,22.871795294200314
6029,15.301761861720868
6030,21.224972109328643
6034,16.514255389301393
6035,15.083752925903681
6036,10.289862103443479
6040,21.18676692428127
6044,29.090193858953175
6045,9.459588178815169
6047,10.342076911313322
6049,15.86562760891137
6051,17.828442535723326
6054,16.263617351878914
6055,14.158984281198025
6061,20.470423451589035
6062,14.591089960376594
6063,21.699109978513032
6065,18.11247404699127
6068,24.721871030462825
6070,20.098069819372114
6071,19.502031073476783
6072,21.893196620364982
6074,16.003067496847024
6081,9.054919686146194
6082,12.701432251182379
6083,17.505408229000334
6084,15.876930017283867
6087,17.839786713671387
6088,13.396275592030587
6090,15.630882630209989
6091,13.629254556513654
6093,11.732013982878643
6095,16.610570232644207
6103,21.800427358893796
6104,12.104449986167106
6105,31.142116897882524
6106,11.61725237438554
6107,10.800798245601525
6109,11.837744238812656
6110,24.186659852196154
6111,17.478448076541774
6113,26.741887059480145
6114,20.161112776026602
6115,21.806517865583228
6119,19.106261802698782
6120,21.68468237873253
6123,13.242063674770868
6125,38.4807680098325
6128,25.935216677875076
6131,12.339076494202766
6135,11.153062402279174
6136,14.468677136287745
6137,12.522573532498006
6142,22.93722229323884
6144,19.48648239277889
6145,15.67842638979127
6151,16.882614104994804
6154,17.221462482556323
6155,15.06514682302512
6156,18.7286678067435
6157,12.073839414981583
6158,9.453998047544262
6159,14.759700456105781
6161,15.459709274086734
6163,12.396687082497039
6166,12.975175945180293
6168,12.587851597745404
6169,17.076852967515553
6170,12.471152736341157
6172,12.310095244390473
6173,16.428702468006193
6174,16.151124311336513
6175,12.698464861494847
6176,11.064960056864534
6181,18.199904028736167
6182,22.36949584373752
6184,10.085158743509064
6185,10.79082389720989
6186,22.738764298994244
6187,35.977298358009506
6188,31.16511322759774
6189,11.196445729236242
6192,9.309007312217556
6193,14.435161074932907
6195,9.954247996827075
6203,14.733372368747649
6205,20.351715820849456
6207,11.413675543611806
6210,46.520275934745996
6212,18.980734616962796
6213,20.61650913335125
6214,12.927904575646895
6216,25.612594640909172
6217,17.966097987142156
6219,18.777005345316823
6220,15.183325842544505
6227,16.761401517459056
6229,19.051557619040768
6231,19.572004251587497
6232,21.882146063027935
6233,20.98369539502298
6234,10.91685476320996
6237,17.74156898380033
6238,13.95412433144052
6239,17.00129646305473
6241,15.204558746277973
6242,8.351975751348828
6248,21.752921035403602
6249,14.956610381440065
6255,8.109049095816186
6258,10.014485812425619
6262,14.328583489895143
6263,12.125758402471202
6266,10.805933165672082
6271,21.289982681117053
6272,18.1833568887941
6274,22.005204357229104
